{
    "terralith:ashen_savanna": {
        "r": 115,
        "g": 100,
        "b": 118
    },
    "terralith:mirage_isles": {
        "r": 65,
        "g": 240,
        "b": 230
    },
    "terralith:blooming_valley": {
        "r": 78,
        "g": 222,
        "b": 82
    },
    "terralith:cold_shrubland": {
        "r": 180,
        "g": 207,
        "b": 155
    },
    "terralith:rocky_shrubland": {
        "r": 133.54352505070912,
        "g": 197.54352505070912,
        "b": 219.6861273854751
    },
    "terralith:white_cliffs": {
        "r": 224,
        "g": 235,
        "b": 230
    },
    "terralith:skylands_autumn": {
        "r": 255,
        "g": 188,
        "b": 54
    },
    "terralith:emerald_peaks": {
        "r": 125,
        "g": 170,
        "b": 130
    },
    "terralith:glacial_chasm": {
        "r": 120,
        "g": 209,
        "b": 246
    },
    "terralith:hot_shrubland": {
        "r": 235,
        "g": 172,
        "b": 63
    },
    "terralith:snowy_maple_forest": {
        "r": 245,
        "g": 230,
        "b": 244
    },
    "terralith:yosemite_lowlands": {
        "r": 83,
        "g": 143,
        "b": 65
    },
    "terralith:snowy_badlands": {
        "r": 184,
        "g": 157,
        "b": 179
    },
    "terralith:amethyst_rainforest": {
        "r": 155,
        "g": 95,
        "b": 204
    },
    "terralith:temperate_highlands": {
        "r": 125,
        "g": 176,
        "b": 67
    },
    "terralith:rocky_mountains": {
        "r": 105,
        "g": 120,
        "b": 125
    },
    "terralith:valley_clearing": {
        "r": 170,
        "g": 126,
        "b": 65
    },
    "terralith:alpine_highlands": {
        "r": 93,
        "g": 170,
        "b": 114
    },
    "terralith:alpha_islands_winter": {
        "r": 240,
        "g": 255,
        "b": 245
    },
    "terralith:cave/andesite_caves": {
        "r": 163.23765997289618,
        "g": 230.61251322586557,
        "b": 19.41969408543835
    },
    "terralith:cave/diorite_caves": {
        "r": 163.23765997289618,
        "g": 230.61251322586557,
        "b": 19.41969408543835
    },
    "terralith:cave/infested_caves": {
        "r": 163.23765997289618,
        "g": 230.61251322586557,
        "b": 19.41969408543835
    },
    "terralith:cave/mantle_caves": {
        "r": 183.03336263467932,
        "g": 223.57165754084576,
        "b": 0.14151133105244185
    },
    "terralith:cave/granite_caves": {
        "r": 163.23765997289618,
        "g": 230.61251322586557,
        "b": 19.41969408543835
    },
    "terralith:cave/ice_caves": {
        "r": 163.23765997289618,
        "g": 230.61251322586557,
        "b": 19.41969408543835
    },
    "terralith:cave/deep_caves": {
        "r": 144.9083332650315,
        "g": 223.79220322361834,
        "b": 96.65041121232522
    },
    "terralith:cave/tuff_caves": {
        "r": 163.23765997289618,
        "g": 230.61251322586557,
        "b": 19.41969408543835
    },
    "terralith:cave/fungal_caves": {
        "r": 163.23765997289618,
        "g": 230.61251322586557,
        "b": 19.41969408543835
    },
    "terralith:cave/frostfire_caves": {
        "r": 153.07182701620138,
        "g": 231.1587620229048,
        "b": 46.700934094427225
    },
    "terralith:cave/crystal_caves": {
        "r": 163.23765997289618,
        "g": 230.61251322586557,
        "b": 19.41969408543835
    },
    "terralith:cave/desert_caves": {
        "r": 153.07182701620138,
        "g": 231.1587620229048,
        "b": 46.700934094427225
    },
    "terralith:cave/thermal_caves": {
        "r": 153.07182701620138,
        "g": 231.1587620229048,
        "b": 46.700934094427225
    },
    "terralith:cave/underground_jungle": {
        "r": 131.49438223036046,
        "g": 227.49438223036046,
        "b": 128.0
    },
    "terralith:cloud_forest": {
        "r": 31,
        "g": 138,
        "b": 100
    },
    "terralith:snowy_shield": {
        "r": 206,
        "g": 234,
        "b": 173
    },
    "terralith:warm_river": {
        "r": 131.49438223036046,
        "g": 227.49438223036046,
        "b": 128.0
    },
    "terralith:skylands": {
        "r": 131.49438223036046,
        "g": 227.49438223036046,
        "b": 128.0
    },
    "terralith:volcanic_peaks": {
        "r": 71,
        "g": 58,
        "b": 70
    },
    "terralith:jungle_mountains": {
        "r": 149.6551696543209,
        "g": 244.45129536600768,
        "b": 24.409463014172033
    },
    "terralith:skylands_winter": {
        "r": 118.09020608173847,
        "g": 217.58458831209893,
        "b": 209.29906590557277
    },
    "terralith:white_mesa": {
        "r": 217,
        "g": 210,
        "b": 199
    },
    "terralith:arid_highlands": {
        "r": 205,
        "g": 226,
        "b": 60
    },
    "terralith:scarlet_mountains": {
        "r": 107,
        "g": 60,
        "b": 71
    },
    "terralith:mountain_steppe": {
        "r": 126.55172098241269,
        "g": 223.18083930146912,
        "b": 158.59643382965368
    },
    "terralith:blooming_plateau": {
        "r": 88,
        "g": 252,
        "b": 92
    },
    "terralith:haze_mountain": {
        "r": 160,
        "g": 233,
        "b": 167
    },
    "terralith:rocky_jungle": {
        "r": 68,
        "g": 208,
        "b": 41
    },
    "terralith:volcanic_crater": {
        "r": 220,
        "g": 83,
        "b": 92
    },
    "terralith:gravel_desert": {
        "r": 141,
        "g": 163,
        "b": 165
    },
    "terralith:windswept_spires": {
        "r": 178,
        "g": 209,
        "b": 198
    },
    "terralith:ancient_sands": {
        "r": 255,
        "g": 146,
        "b": 20
    },
    "terralith:gravel_beach": {
        "r": 110,
        "g": 120,
        "b": 120
    },
    "terralith:siberian_grove": {
        "r": 112.58361720063051,
        "g": 225.32564318179945,
        "b": 203.2971848189575
    },
    "terralith:lavender_forest": {
        "r": 139.39213329196625,
        "g": 238.89599231655635,
        "b": 68.84900387071876
    },
    "terralith:painted_mountains": {
        "r": 133,
        "g": 148,
        "b": 200
    },
    "terralith:desert_canyon": {
        "r": 255,
        "g": 235,
        "b": 20
    },
    "terralith:birch_taiga": {
        "r": 57,
        "g": 193,
        "b": 94
    },
    "terralith:siberian_taiga": {
        "r": 175,
        "g": 135,
        "b": 122
    },
    "terralith:stony_spires": {
        "r": 187,
        "g": 133,
        "b": 106
    },
    "terralith:yellowstone": {
        "r": 217,
        "g": 179,
        "b": 82
    },
    "terralith:sakura_grove": {
        "r": 235,
        "g": 148,
        "b": 193
    },
    "terralith:wintry_lowlands": {
        "r": 78,
        "g": 178,
        "b": 176
    },
    "terralith:alpha_islands": {
        "r": 129,
        "g": 250,
        "b": 68
    },
    "terralith:ice_marsh": {
        "r": 72,
        "g": 102,
        "b": 101
    },
    "terralith:bryce_canyon": {
        "r": 206,
        "g": 107,
        "b": 15
    },
    "terralith:skylands_summer": {
        "r": 131.49438223036046,
        "g": 227.49438223036046,
        "b": 128.0
    },
    "terralith:basalt_cliffs": {
        "r": 32,
        "g": 29,
        "b": 46
    },
    "terralith:lush_desert": {
        "r": 240,
        "g": 208,
        "b": 67
    },
    "terralith:caldera": {
        "r": 74,
        "g": 71,
        "b": 84
    },
    "terralith:brushland": {
        "r": 170.77698129865217,
        "g": 228.80214131355442,
        "b": 7.503931072347214
    },
    "terralith:desert_oasis": {
        "r": 6,
        "g": 202,
        "b": 108
    },
    "terralith:red_oasis": {
        "r": 66,
        "g": 202,
        "b": 98
    },
    "terralith:lavender_valley": {
        "r": 139.39213329196625,
        "g": 238.89599231655635,
        "b": 68.84900387071876
    },
    "terralith:shrubland": {
        "r": 192,
        "g": 200,
        "b": 89
    },