{
    "terralith:ashen_savanna": {
        "r": 172.70813641446827,
        "g": 219.14507647864042,
        "b": 19.41969408543835
    },
    "terralith:mirage_isles": {
        "r": 139.39213329196625,
        "g": 238.89599231655635,
        "b": 68.84900387071876
    },
    "terralith:blooming_valley": {
        "r": 139.39213329196625,
        "g": 238.89599231655635,
        "b": 68.84900387071876
    },
    "terralith:cold_shrubland": {
        "r": 133.54352505070912,
        "g": 197.54352505070912,
        "b": 219.6861273854751
    },
    "terralith:rocky_shrubland": {
        "r": 133.54352505070912,
        "g": 197.54352505070912,
        "b": 219.6861273854751
    },
    "terralith:white_cliffs": {
        "r": 131.32031228509516,
        "g": 218.25518577954546,
        "b": 159.34958878767475
    },
    "terralith:skylands_autumn": {
        "r": 131.49438223036046,
        "g": 227.49438223036046,
        "b": 128.0
    },
    "terralith:emerald_peaks": {
        "r": 117.19154702437076,
        "g": 210.7670450890114,
        "b": 225.48405196233787
    },
    "terralith:glacial_chasm": {
        "r": 110.25280888481977,
        "g": 209.74719111518021,
        "b": 236.58030591456168
    },
    "terralith:hot_shrubland": {
        "r": 153.07182701620138,
        "g": 231.1587620229048,
        "b": 46.700934094427225
    },
    "terralith:snowy_maple_forest": {
        "r": 124.14189885977238,
        "g": 203.81669325360977,
        "b": 225.48405196233787
    },
    "terralith:yosemite_lowlands": {
        "r": 113.315698348043,
        "g": 226.05772432921194,
        "b": 198.98876446072092
    },
    "terralith:snowy_badlands": {
        "r": 110.25280888481977,
        "g": 209.74719111518021,
        "b": 236.58030591456168
    },
    "terralith:amethyst_rainforest": {
        "r": 149.6551696543209,
        "g": 244.45129536600768,
        "b": 24.409463014172033
    },
    "terralith:temperate_highlands": {
        "r": 163.06248021869226,
        "g": 225.73503144337568,
        "b": 30.5159480376621
    },
    "terralith:rocky_mountains": {
        "r": 163.23765997289618,
        "g": 230.61251322586557,
        "b": 19.41969408543835
    },
    "terralith:valley_clearing": {
        "r": 205.0512567640898,
        "g": 189.04055791714006,
        "b": 159.34958878767475
    },
    "terralith:alpine_highlands": {
        "r": 140.90375376573436,
        "g": 212.2938552162193,
        "b": 143.9171842267643
    },
    "terralith:alpha_islands_winter": {
        "r": 104.50971137266109,
        "g": 215.4902886273389,
        "b": 236.58030591456168
    },
    "terralith:cave/andesite_caves": {
        "r": 163.23765997289618,
        "g": 230.61251322586557,
        "b": 19.41969408543835
    },
    "terralith:cave/diorite_caves": {
        "r": 163.23765997289618,
        "g": 230.61251322586557,
        "b": 19.41969408543835
    },
    "terralith:cave/infested_caves": {
        "r": 163.23765997289618,
        "g": 230.61251322586557,
        "b": 19.41969408543835
    },
    "terralith:cave/mantle_caves": {
        "r": 183.03336263467932,
        "g": 223.57165754084576,
        "b": 0.14151133105244185
    },
    "terralith:cave/granite_caves": {
        "r": 163.23765997289618,
        "g": 230.61251322586557,
        "b": 19.41969408543835
    },
    "terralith:cave/ice_caves": {
        "r": 163.23765997289618,
        "g": 230.61251322586557,
        "b": 19.41969408543835
    },
    "terralith:cave/deep_caves": {
        "r": 144.9083332650315,
        "g": 223.79220322361834,
        "b": 96.65041121232522
    },
    "terralith:cave/tuff_caves": {
        "r": 163.23765997289618,
        "g": 230.61251322586557,
        "b": 19.41969408543835
    },
    "terralith:cave/fungal_caves": {
        "r": 163.23765997289618,
        "g": 230.61251322586557,
        "b": 19.41969408543835
    },
    "terralith:cave/frostfire_caves": {
        "r": 153.07182701620138,
        "g": 231.1587620229048,
        "b": 46.700934094427225
    },
    "terralith:cave/crystal_caves": {
        "r": 163.23765997289618,
        "g": 230.61251322586557,
        "b": 19.41969408543835
    },
    "terralith:cave/desert_caves": {
        "r": 153.07182701620138,
        "g": 231.1587620229048,
        "b": 46.700934094427225
    },
    "terralith:cave/thermal_caves": {
        "r": 153.07182701620138,
        "g": 231.1587620229048,
        "b": 46.700934094427225
    },
    "terralith:cave/underground_jungle": {
        "r": 131.49438223036046,
        "g": 227.49438223036046,
        "b": 128.0
    },
    "terralith:cloud_forest": {
        "r": 113.315698348043,
        "g": 226.05772432921194,
        "b": 198.98876446072092
    },
    "terralith:snowy_shield": {
        "r": 107.60828306610661,
        "g": 220.35030904727554,
        "b": 225.48405196233787
    },
    "terralith:warm_river": {
        "r": 131.49438223036046,
        "g": 227.49438223036046,
        "b": 128.0
    },
    "terralith:skylands": {
        "r": 131.49438223036046,
        "g": 227.49438223036046,
        "b": 128.0
    },
    "terralith:volcanic_peaks": {
        "r": 163.23765997289618,
        "g": 230.61251322586557,
        "b": 19.41969408543835
    },
    "terralith:jungle_mountains": {
        "r": 149.6551696543209,
        "g": 244.45129536600768,
        "b": 24.409463014172033
    },
    "terralith:skylands_winter": {
        "r": 118.09020608173847,
        "g": 217.58458831209893,
        "b": 209.29906590557277
    },
    "terralith:white_mesa": {
        "r": 183.03336263467932,
        "g": 223.57165754084576,
        "b": 0.14151133105244185
    },
    "terralith:arid_highlands": {
        "r": 178.33323702864033,
        "g": 226.8281786191172,
        "b": 1.0419552552694142
    },
    "terralith:scarlet_mountains": {
        "r": 117.19154702437076,
        "g": 210.7670450890114,
        "b": 225.48405196233787
    },
    "terralith:mountain_steppe": {
        "r": 126.55172098241269,
        "g": 223.18083930146912,
        "b": 158.59643382965368
    },
    "terralith:blooming_plateau": {
        "r": 125.05138977260063,
        "g": 234.1182041057647,
        "b": 128.0
    },
    "terralith:haze_mountain": {
        "r": 119.14267027083196,
        "g": 223.79220322361834,
        "b": 187.15099612928125
    },
    "terralith:rocky_jungle": {
        "r": 149.6551696543209,
        "g": 244.45129536600768,
        "b": 24.409463014172033
    },
    "terralith:volcanic_crater": {
        "r": 163.23765997289618,
        "g": 230.61251322586557,
        "b": 19.41969408543835
    },
    "terralith:gravel_desert": {
        "r": 115.7963339355289,
        "g": 215.29071616588936,
        "b": 219.6861273854751
    },
    "terralith:windswept_spires": {
        "r": 124.36996044969354,
        "g": 211.30483394414384,
        "b": 209.29906590557277
    },
    "terralith:ancient_sands": {
        "r": 183.03336263467932,
        "g": 223.57165754084576,
        "b": 0.14151133105244185
    },
    "terralith:gravel_beach": {
        "r": 153.07182701620138,
        "g": 231.1587620229048,
        "b": 46.700934094427225
    },
    "terralith:siberian_grove": {
        "r": 112.58361720063051,
        "g": 225.32564318179945,
        "b": 203.2971848189575
    },
    "terralith:lavender_forest": {
        "r": 139.39213329196625,
        "g": 238.89599231655635,
        "b": 68.84900387071876
    },
    "terralith:painted_mountains": {
        "r": 163.23765997289618,
        "g": 230.61251322586557,
        "b": 19.41969408543835
    },
    "terralith:desert_canyon": {
        "r": 183.03336263467932,
        "g": 223.57165754084576,
        "b": 0.14151133105244185
    },
    "terralith:birch_taiga": {
        "r": 128.74728062777257,
        "g": 208.42207502160994,
        "b": 205.35907547099694
    },
    "terralith:siberian_taiga": {
        "r": 110.50269263058942,
        "g": 232.43218086386088,